id	name	email	address	phone	created_at
1	Jean Dupont	jean.dupont@example.com	15 Rue de Paris, 75001 Paris	+33123456789	2023-01-15 14:22:05
2	Marie Martin	marie.martin@example.com	8 Avenue des Champs-Élysées, 75008 Paris	+33187654321	2023-02-21 09:15:22
3	Lucas Bernard	lucas.bernard@example.com	22 Boulevard Saint-Michel, 75005 Paris	+33156789012	2023-03-05 17:42:11
4	Sophie Dubois	sophie.dubois@example.com	17 Rue Mouffetard, 75005 Paris	+33145678901	2023-04-12 11:34:50
5	Thomas Petit	thomas.petit@example.com	45 Rue de Rivoli, 75004 Paris	+33167890123	2023-05-08 16:28:30
6	Camille Robert	camille.robert@example.com	33 Rue Saint-Honoré, 75001 Paris	+33178901234	2023-06-19 13:45:17
7	Antoine Moreau	antoine.moreau@example.com	12 Avenue Montaigne, 75008 Paris	+33189012345	2023-07-24 10:12:40
8	Léa Leroy	lea.leroy@example.com	5 Place de la Bastille, 75004 Paris	+33190123456	2023-08-30 15:37:22
9	Nicolas Simon	nicolas.simon@example.com	28 Rue du Faubourg Saint-Antoine, 75011 Paris	+33101234567	2023-09-11 09:28:15
10	Émilie Roux	emilie.roux@example.com	9 Quai de la Tournelle, 75005 Paris	+33112345678	2023-10-05 14:50:33
11	Paul Durand	paul.durand@example.com	41 Rue des Martyrs, 75009 Paris	+33123456780	2023-11-17 11:23:45
12	Julie Lambert	julie.lambert@example.com	7 Rue Oberkampf, 75011 Paris	+33134567891	2023-12-08 16:14:27
13	Maxime Fournier	maxime.fournier@example.com	14 Rue de la Pompe, 75016 Paris	+33145678902	2024-01-22 10:09:38
14	Chloé Girard	chloe.girard@example.com	36 Rue de la Roquette, 75011 Paris	+33156789013	2024-02-14 13:42:19
15	David Michel	david.michel@example.com	19 Rue des Rosiers, 75004 Paris	+33167890124	2024-03-03 17:31:05
16	Aurélie Lefebvre	aurelie.lefebvre@example.com	8 Rue Saint-Lazare, 75009 Paris	+33178901235	2024-04-09 09:56:47
17	Alexandre Mercier	alexandre.mercier@example.com	27 Rue Montorgueil, 75002 Paris	+33189012346	2024-05-18 14:28:33
18	Manon Blanc	manon.blanc@example.com	53 Boulevard Haussmann, 75009 Paris	+33190123457	2024-06-27 11:14:22
19	Hugo Garcia	hugo.garcia@example.com	10 Rue de Buci, 75006 Paris	+33101234568	2024-07-15 15:40:11
20	Inès Laurent	ines.laurent@example.com	32 Avenue de l'Opéra, 75002 Paris	+33112345679	2024-08-04 12:37:58